2419, -92.84, 2.41
2424, -92.97, 2.44
2429, -92.83, 2.41
2434, -92.55, 2.52
2439, -92.71, 2.34
2444, -92.76, 2.27
2449, -93.13, 2.35
2454, -92.82, 2.24
2459, -92.55, 2.24
2464, -92.86, 2.34
2469, -92.89, 2.41
2474, -92.94, 2.37
2479, -92.54, 2.50
2484, -92.56, 2.23
2489, -92.82, 2.31
2494, -92.62, 2.29
2499, -92.42, 2.29
2504, -92.77, 2.47
2509, -92.50, 2.29
2514, -92.66, 2.37
2519, -92.82, 2.40
2524, -93.01, 2.50
2529, -92.44, 2.21
2534, -92.57, 2.27
2539, -93.41, 2.23
2544, -92.99, 2.44
2549, -92.89, 2.35
2554, -92.93, 2.38
2559, -92.80, 2.14
2564, -92.70, 2.17
2569, -92.65, 2.34
2574, -93.15, 2.32
2579, -92.94, 2.32
2584, -92.93, 2.24
2589, -92.99, 2.32
2594, -93.00, 2.56
2599, -92.61, 2.32
2604, -93.03, 2.43
2609, -93.41, 2.35
2614, -92.73, 2.35
2619, -93.13, 2.41
2624, -92.93, 2.40
2629, -92.81, 2.32
2634, -92.59, 2.46
2639, -92.79, 2.34
2644, -92.66, 2.41
2649, -93.11, 2.27
2654, -92.40, 2.34
2659, -93.05, 2.58
2664, -92.63, 2.47
2669, -92.70, 2.49
2674, -93.41, 2.43
2679, -92.50, 2.49
2684, -92.91, 2.43
2689, -92.68, 2.44
2694, -92.61, 2.34
2699, -92.55, 2.34
2704, -92.46, 2.15
2709, -92.47, 2.20
2714, -92.76, 2.24
2719, -92.85, 2.27
2724, -92.68, 2.40
2729, -92.94, 2.53
2734, -92.60, 2.40
2739, -92.78, 2.31
2744, -93.25, 2.32
2749, -92.96, 2.34
2754, -92.78, 2.23
2759, -93.42, 2.37
2764, -93.04, 2.44
2769, -92.57, 2.24
2774, -92.65, 2.29
2779, -92.50, 2.29
2784, -93.11, 2.34
2789, -92.97, 2.38
2794, -92.73, 2.46
2799, -93.20, 2.52
2804, -92.70, 2.34
2809, -92.44, 2.26
2814, -92.69, 2.32
2819, -92.99, 2.47
2824, -92.98, 2.43
2829, -92.49, 2.58
2834, -92.58, 2.43
2839, -93.14, 2.38
2844, -92.73, 2.21
2849, -92.78, 2.31
2854, -92.67, 2.46
2859, -93.23, 2.23
2864, -92.71, 2.63
2869, -93.10, 2.38
2874, -92.61, 2.29
2879, -92.78, 2.40
2884, -92.82, 2.50
2889, -92.85, 2.31
2894, -92.58, 2.47
2899, -92.98, 2.20
2904, -92.94, 2.40
2909, -93.24, 2.29
2914, -92.81, 2.32
2919, -92.65, 2.38
2924, -92.93, 2.56
2929, -92.45, 2.32
2934, -92.80, 2.41
2939, -92.89, 2.31
2944, -93.02, 2.21
2949, -92.96, 2.52
2954, -93.08, 2.41
2959, -92.77, 2.32
2964, -92.89, 2.29
2969, -92.99, 2.35
2974, -92.30, 2.24
2979, -92.78, 2.41
2984, -92.95, 2.49
2989, -93.10, 2.37
2994, -92.65, 2.29
2999, -92.98, 2.38
3004, -92.85, 2.47
3009, -92.68, 2.24
3014, -93.37, 2.11
3019, -92.91, 2.32
3024, -92.54, 2.43
3029, -92.88, 2.37
3034, -92.70, 2.31
3039, -93.15, 2.27
3044, -92.76, 2.38
3049, -92.99, 2.37
3054, -92.59, 2.34
3059, -92.60, 2.18
3064, -92.52, 2.35
3069, -92.82, 2.40
3074, -93.11, 2.43
3079, -92.76, 2.52
3084, -92.91, 2.35
3089, -92.46, 2.31
3094, -93.06, 2.38
3099, -93.14, 2.23
3104, -92.79, 2.40
3109, -92.65, 2.43
3114, -93.23, 2.24
3119, -92.51, 2.27
3124, -93.08, 2.43
3129, -92.77, 2.27
3134, -92.57, 2.32
3139, -92.95, 2.24
3144, -93.03, 2.46
3149, -92.97, 2.43
3154, -92.87, 2.32
3159, -93.17, 2.32
3164, -92.98, 2.61
3169, -92.79, 2.37
3174, -92.46, 2.26
3179, -92.87, 2.50
3184, -92.86, 2.35
3189, -93.21, 2.44
3194, -92.58, 2.34
3199, -92.99, 2.35
3204, -92.75, 2.27
3209, -92.33, 2.23
3214, -92.39, 2.46
3219, -92.58, 2.50
3224, -92.52, 2.46
3229, -92.51, 2.43
3234, -93.00, 2.40
3239, -92.82, 2.34
3244, -92.96, 2.20
3249, -93.39, 2.29
3254, -92.97, 2.53
3259, -93.50, 2.52
3264, -93.20, 2.46
3269, -92.73, 2.41
3274, -92.52, 2.35
3279, -93.26, 2.41
3284, -92.65, 2.40
3289, -92.66, 2.31
3294, -92.75, 2.35
3299, -92.92, 2.17
3304, -93.38, 2.35
3309, -92.99, 2.24
3314, -92.43, 2.46
3319, -93.17, 2.43
3324, -92.73, 2.38
3329, -92.87, 2.40
3334, -93.14, 2.40
3339, -92.95, 2.18
3344, -92.79, 2.61
3349, -92.43, 2.21
3354, -93.08, 2.52
3359, -93.08, 2.56
3364, -92.86, 2.38
3369, -92.80, 2.26
3374, -92.68, 2.29
3379, -93.12, 2.26
3384, -93.05, 2.40
3389, -93.43, 2.38
3394, -93.06, 2.49
3399, -92.27, 2.40
3404, -92.83, 2.38
3409, -92.66, 2.60
3414, -92.92, 2.34
3419, -92.83, 2.32
3424, -92.85, 2.24
3429, -92.89, 2.44
3434, -92.68, 2.60
3439, -92.91, 2.35
3444, -92.88, 2.38
3449, -92.69, 2.53
3454, -93.10, 2.43
3459, -93.03, 2.32
3464, -93.26, 2.44
3469, -93.18, 2.40
3474, -93.04, 2.29
3479, -92.49, 2.29
3484, -92.83, 2.27
3489, -92.72, 2.37
3494, -92.83, 2.24
3499, -93.24, 2.23
3504, -92.70, 2.37
3509, -92.75, 2.37
3514, -92.98, 2.41
3519, -92.70, 2.35
3524, -92.91, 2.44
3529, -92.68, 2.34
3534, -93.31, 2.47
3539, -93.10, 2.23
3544, -92.98, 2.46
3549, -92.88, 2.52
3554, -92.49, 2.23
3559, -92.88, 2.32
3564, -92.61, 2.60
3569, -92.82, 2.35
3574, -92.90, 2.37
3579, -92.45, 2.43
3584, -92.75, 2.29
3589, -93.22, 2.35
3594, -93.03, 2.24
3599, -94.05, 2.40
3604, -93.34, 1.30
3609, -89.89, 2.27
3614, -92.64, 2.09
3619, -90.07, 0.31
3624, -92.90, -1.15
3629, -94.30, -5.30
3634, -91.22, 5.28
3639, -94.71, 3.62
3644, -93.35, 7.40
3649, -91.03, 8.66
3654, -93.64, 2.37
3659, -91.07, -2.63
3664, -90.41, -3.45
3669, -88.36, -0.92
3674, -86.75, 1.95
3679, -96.47, 1.91
3684, -91.30, 10.70
3689, -94.57, 5.91
3694, -95.54, 5.45
3699, -98.16, 4.32
3704, -92.27, 4.52
3709, -91.19, 1.02
3714, -93.48, 0.96
3719, -94.82, 2.58
3724, -91.19, 1.54
3729, -92.25, 1.18
3734, -91.79, 0.46
3739, -92.73, 0.95
3744, -93.70, 3.25
3749, -97.11, 5.44
3754, -93.18, 7.28
3759, -91.36, 7.13
3764, -94.93, 6.38
3769, -94.41, 6.63
3774, -95.05, 5.92
3779, -97.07, 4.11
3784, -95.27, 3.54
3789, -90.01, 6.92
3794, -84.23, 11.10
3799, -91.24, 21.44
3804, -92.56, 31.37
3809, -90.15, 41.37
3814, -86.71, 54.44
3819, -94.27, 66.35
3824, -93.76, 74.06
3829, -93.61, 80.96
3834, -90.87, 83.74
3839, -91.80, 87.10
3844, -90.40, 86.85
3849, -81.70, 86.52
3854, -82.09, 87.69
3859, -85.45, 92.49
3864, -88.57, 99.91
3869, -84.36, 109.60
3874, -81.15, 120.92
3879, -74.95, 139.54
3884, -73.19, 156.66
3889, -74.67, 177.47
3894, -77.94, 199.62
3899, -75.07, 217.86
3904, -72.95, 232.18
3909, -71.98, 235.39
3914, -76.39, 224.99
3919, -75.29, 210.98
3924, -68.14, 195.54
3929, -62.70, 182.32
3934, -59.85, 172.03
3939, -54.33, 168.09
3944, -50.19, 172.34
3949, -47.86, 185.68
3954, -45.58, 196.70
3959, -41.55, 215.83
3964, -41.53, 226.52
3969, -43.40, 236.03
3974, -44.56, 242.06
3979, -48.08, 236.96
3984, -47.73, 228.00
3989, -44.08, 209.69
3994, -35.55, 201.60
3999, -31.25, 190.03
4004, -25.63, 185.18
4009, -50.02, 190.41
4014, -17.88, 189.95
4019, -19.93, 185.10
4024, -13.32, 182.20
4029, -8.37, 174.09
4034, -8.88, 163.63
4039, -8.03, 149.85
4044, -5.81, 131.44
4049, -3.86, 110.67
4054, -4.99, 90.72
4059, -4.13, 75.33
4064, -2.38, 65.63
4069, -1.70, 60.47
4074, -2.29, 59.82
4079, -1.05, 59.47
4084, -1.12, 59.04
4089, -2.01, 60.17
4094, -3.02, 61.36
4099, -3.49, 62.12
4104, -3.49, 63.22
4109, -2.30, 61.50
4114, -2.61, 58.76
4119, -2.39, 54.05
4124, -1.97, 48.50
4129, -1.10, 46.38
4134, -1.21, 45.27
4139, 0.32, 41.22
4144, 0.12, 36.34
4149, 0.78, 28.85
4154, 1.13, 19.02
4159, 2.41, 10.99
4164, 2.80, 3.80
4169, 3.60, -3.68
4174, 2.65, -6.40
4179, 3.60, -7.88
4184, 1.65, 3.02
4189, 16.12, -18.29
4194, -16.58, -4.75
4199, 2.75, -2.98
4204, -9.41, -10.47
4209, 2.74, -8.61
4214, -0.52, -9.63
4219, -0.47, -11.24
4224, -0.34, -10.70
4229, 11.77, -3.15
4234, 1.75, -15.80
4239, -2.60, -10.72
4244, -1.14, 0.18
4249, -0.96, 2.17
4254, 6.21, 0.47
4259, 1.99, -4.17
4264, -0.61, -8.50
4269, 0.46, -16.89
4274, 0.32, -26.52
4279, -2.67, -31.80
4284, -3.85, -31.97
4289, -8.50, -9.48
4294, -17.16, 48.60
4299, -6.61, 44.72
4304, 1.84, 23.40
4309, -2.20, 14.47
4314, 0.47, 20.14
4319, -0.03, 22.92
4324, 2.82, 21.21
4329, 2.01, 18.96
4334, 4.49, 14.31
4339, 2.86, 9.44
4344, 2.54, 4.32
4349, 2.88, -0.02
4354, 1.82, -1.42
4359, 0.97, 1.59
4364, -0.13, 6.15
4369, 0.04, 9.45
4374, 0.32, 13.13
4379, 0.61, 16.40
4384, -0.17, 16.02
4389, -1.79, 15.10
4394, -2.37, 18.47
4399, -1.62, 20.44
4404, 1.23, 17.56
4409, 3.33, 11.57
4414, 3.46, 4.41
4419, 2.70, -3.11
4424, 6.77, -3.92
4429, 9.08, 5.71
4434, 7.24, -1.37
4439, 7.78, -3.44
4444, 3.46, -5.73
4449, 0.31, -5.80
4454, -0.73, -1.85
4459, -0.61, -0.52
4464, 0.00, 0.29
4469, 0.59, 3.31
4474, 0.42, 3.54
4479, -0.18, 3.47
4484, 3.39, 0.72
4489, 4.15, -0.61
4494, 5.28, -2.53
4499, 4.91, -5.76
4504, 3.74, -9.18
4509, 2.59, -10.96
4514, 0.99, -10.14
4519, -0.77, -6.63
4524, -3.20, -0.78
4529, -4.50, 4.58
4534, -4.26, 10.92
4539, -2.47, 16.26
4544, 1.97, 15.36
4549, 5.20, 10.46
4554, 7.41, 4.50
4559, 8.29, -0.49
4564, 7.13, -5.24
4569, 2.65, -8.64
4574, -0.42, -9.08
4579, -1.23, -9.51
4584, -0.24, -10.37
4589, 0.71, -11.82
4594, 0.34, -11.69
4599, 0.55, -10.40
4604, 0.55, -9.51
4609, 0.65, -7.27
4614, 0.28, -4.38
4619, -0.60, -1.86
4624, -1.65, 2.29
4629, -3.37, 3.18
4634, -2.33, 4.58
4639, -0.30, 5.45
4644, 0.34, 2.85
4649, -0.28, 2.66
4654, -1.80, 4.34
4659, -2.22, 5.15
4664, -0.70, 3.92
4669, 1.50, 2.49
4674, 1.13, -0.14
4679, 0.34, -0.53
4684, 2.09, -1.04
4689, 0.72, -0.34
4694, -0.36, 1.10
4699, -0.03, 2.43
4704, 0.69, 1.92
4709, 1.45, 1.89
4714, 0.29, 2.85
4719, 0.03, 3.63
4724, 1.06, 2.87
4729, 1.82, 1.16
4734, 1.31, -0.56
4739, -0.06, -1.01
4744, -1.12, 0.17
4749, -2.37, 1.94
4754, -2.13, 4.11
4759, -0.41, 5.39
4764, 1.02, 3.69
4769, 1.25, 2.23
4774, 1.79, 1.13


4, 0.43, -0.81
9, 0.52, -1.05
14, 0.75, -1.66
19, 0.50, -2.12
24, 0.16, -2.72
29, -0.48, -2.35
34, -0.83, -1.65
39, -0.95, -0.95
44, -0.24, -0.27
49, -0.08, -0.15
54, 0.38, -0.79
59, 0.62, -1.36
64, 0.07, -1.63
69, -0.58, -1.50
74, -1.60, -0.31
79, -2.30, 1.24
84, -1.37, 3.05
89, -1.09, 4.12
94, -0.51, 4.78
99, -0.09, 4.40
104, 0.23, 4.56
109, -0.54, 4.78
114, -0.92, 5.18
119, -0.91, 5.83
124, 0.07, 5.94
129, 0.16, 5.51
134, 0.47, 5.16
139, 0.24, 4.78
144, -0.24, 4.53
149, -0.21, 4.64
154, -0.27, 4.90
159, -0.26, 5.18
164, 0.10, 5.50
169, 0.15, 5.44
174, 0.65, 4.90
179, 0.45, 4.64
184, 0.41, 4.43
189, -0.06, 4.27
194, 0.20, 4.05
199, 0.54, 4.24
204, 0.31, 3.83
209, 0.66, 4.02
214, 0.48, 3.76
219, 0.26, 3.71
224, 0.58, 3.37
229, 0.99, 2.87
234, 1.20, 2.17
239, 1.46, 1.11
244, 0.67, 0.27
249, 0.70, -0.49
254, 0.37, -0.89
259, 0.29, -1.18
264, -0.52, -0.79
269, -0.51, -0.49
274, -0.72, 0.09
279, -0.84, 0.61
284, -0.50, 1.42
289, -0.23, 1.82
294, -0.21, 1.74
299, 0.21, 1.54
304, 0.55, 1.22
309, 0.48, 1.10
314, 0.27, 0.87
319, -0.76, 1.04
324, -0.65, 1.66
329, -0.79, 2.46
334, -0.46, 3.01
339, -0.06, 3.44
344, 0.00, 3.76
349, -0.48, 4.11
354, -0.40, 4.17
359, 0.28, 3.56
364, 1.17, 2.64
369, 0.98, 1.60
374, 0.88, 0.84
379, 0.67, 0.00
384, 0.16, -0.47
389, -0.24, -0.32
394, -0.71, -0.05
399, -0.56, 0.41
404, -0.41, 0.60
409, -0.10, 0.81
414, 0.51, 0.41
419, 0.60, -0.40
424, 1.29, -1.62
429, 0.78, -2.55
434, -0.31, -3.13
439, -1.04, -3.02
444, -1.63, -2.17
449, -1.81, -1.28
454, -1.73, 0.14
459, -1.47, 1.36
464, -0.50, 1.83
469, -0.79, 2.11
474, -0.24, 1.80
479, -0.01, 0.82
484, 0.52, 0.06
489, 0.13, -0.84
494, 0.20, -1.63
499, -0.14, -2.02
504, -0.37, -2.56
509, -0.96, -2.23
514, -1.30, -1.71
519, -1.48, -0.98
524, -1.40, -0.21
529, -1.22, 0.55
534, -1.59, 0.75
539, -1.13, 1.21
544, -1.24, 1.11
549, -0.73, 1.45
554, -0.95, 1.36
559, -1.06, 1.24
564, -1.05, 1.16
569, -0.38, 0.70
574, -0.87, 0.29
579, -0.85, 0.17
584, -1.50, 0.15
589, -2.03, 0.73
594, -1.70, 1.27
599, -1.72, 1.57
604, -0.14, 1.05
609, 0.13, 0.05
614, 0.17, -1.33
619, -0.34, -2.32
624, -0.82, -3.13
629, -1.22, -3.48
634, -1.88, -3.07
639, -1.74, -2.66
644, -1.39, -2.66
649, -1.48, -2.85
654, -1.45, -2.79
659, -1.41, -3.24
664, -1.81, -3.56
669, -2.51, -2.79
674, -2.70, -1.77
679, -2.50, -1.01
684, -2.46, -0.37
689, -2.79, 0.44
694, -2.82, 0.95
699, -2.58, 1.54
704, -2.57, 2.46
709, -2.20, 2.87
714, -2.34, 3.42
719, -2.01, 3.44
724, -1.85, 3.44
729, -1.66, 3.51
734, -1.74, 3.05
739, -1.85, 3.37
744, -2.08, 3.16
749, -2.37, 3.48
754, -2.57, 3.82
759, -1.93, 3.91
764, -1.32, 3.77
769, -1.06, 3.10
774, -0.54, 2.14
779, -1.14, 1.44
784, -1.69, 0.78
789, -1.60, 0.41
794, -2.14, 0.79
799, -2.63, 1.36
804, -2.43, 2.26
809, -3.07, 3.24
814, -3.08, 4.78
819, -3.47, 5.54
824, -2.64, 6.78
829, -2.27, 7.37
834, -1.44, 7.05
839, -0.53, 5.82
844, 0.04, 4.99
849, -0.19, 3.48
854, -0.77, 2.50
859, -0.75, 1.65
864, -1.48, 1.39
869, -1.89, 1.30
874, -2.35, 1.83
879, -2.14, 2.40
884, -2.58, 3.05
889, -2.16, 3.34
894, -1.40, 3.27
899, -1.07, 3.04
904, -0.97, 2.49
909, -1.14, 1.86
914, -1.95, 1.98
919, -2.05, 1.92
924, -1.63, 2.55
929, -1.81, 2.87
934, -1.79, 2.60
939, -1.75, 3.37
944, -2.22, 3.53
949, -2.11, 3.97
954, -2.06, 4.89
959, -2.21, 5.25
964, -1.29, 5.62
969, -0.70, 5.22
974, -0.80, 4.50
979, -0.61, 3.74
984, -1.40, 3.57
989, -2.03, 4.34
994, -2.55, 5.39
999, -2.22, 6.70
1004, -1.71, 7.34
1009, -1.79, 8.08
1014, -1.33, 8.56
1019, -1.82, 9.19
1024, -2.04, 10.21
1029, -2.06, 11.28
1034, -1.90, 12.55
1039, -0.75, 13.27
1044, -1.06, 13.59
1049, -0.74, 14.11
1054, -0.91, 14.76
1059, -1.63, 16.20
1064, -1.95, 17.22
1069, -1.37, 19.27
1074, -0.89, 20.55
1079, -0.11, 21.53
1084, -0.11, 22.72
1089, 0.62, 21.11
1094, 1.87, 23.73
1099, -1.61, 25.42
1104, -1.87, 27.91
1109, -0.78, 31.83
1114, -0.28, 34.99
1119, -0.25, 38.09
1124, 1.34, 39.92
1129, 2.35, 41.44
1134, 3.10, 42.49
1139, 4.63, 41.68
1144, 5.64, 41.71
1149, 6.98, 40.03
1154, 7.29, 37.44
1159, 7.60, 35.69
1164, 7.81, 35.83
1169, 7.54, 36.64
1174, 6.82, 38.12
1179, 7.44, 38.20
1184, 2.71, 42.09
1189, 5.05, 45.73
1194, 3.60, 48.73
1199, 5.78, 49.76
1204, 7.32, 50.46
1209, 10.50, 51.62
1214, 11.09, 51.13
1219, 10.36, 52.46
1224, 8.76, 53.91
1229, 8.75, 57.19
1234, 8.55, 61.66
1239, 9.88, 65.44
1244, 11.83, 68.76
1249, 13.54, 69.94
1254, 15.67, 69.69
1259, 17.06, 69.27
1264, 17.76, 68.66
1269, 16.87, 68.14
1274, 15.85, 70.63
1279, 14.76, 74.15
1284, 14.74, 78.98
1289, 16.23, 83.51
1294, 18.84, 86.70
1299, 20.80, 88.50
1304, 22.73, 89.92
1309, 24.09, 90.67
1314, 26.72, 91.69
1319, 27.36, 91.15
1324, 27.64, 89.88
1329, 26.92, 88.72
1334, 29.81, 87.39
1339, 29.78, 87.92
1344, 37.36, 86.69
1349, 27.52, 88.95
1354, 32.07, 89.76
1359, 30.33, 92.03
1364, 31.54, 94.29
1369, 32.38, 97.25
1374, 34.01, 99.86
1379, 35.55, 100.41
1384, 37.52, 101.51
1389, 41.97, 100.84
1394, 43.91, 99.79
1399, 45.43, 99.74
1404, 46.11, 96.02
1409, 45.29, 91.92
1414, 45.37, 86.87
1419, 46.20, 84.40
1424, 47.48, 82.53
1429, 49.04, 80.40
1434, 50.92, 79.68
1439, 50.20, 78.90
1444, 48.94, 77.77
1449, 49.02, 76.85
1454, 49.26, 76.81
1459, 50.78, 77.24
1464, 52.04, 76.82
1469, 51.82, 76.66
1474, 52.90, 77.95
1479, 53.59, 79.21
1484, 56.15, 81.98
1489, 59.29, 81.56
1494, 59.01, 80.84
1499, 59.20, 78.26
1504, 60.08, 75.27
1509, 61.06, 72.61
1514, 64.50, 70.92
1519, 60.91, 69.50
1524, 61.24, 65.08
1529, 62.06, 65.30
1534, 61.93, 65.34
1539, 61.66, 66.23
1544, 61.09, 70.60
1549, 61.73, 73.88
1554, 63.64, 77.01
1559, 66.06, 79.69
1564, 67.68, 82.40
1569, 67.71, 82.99
1574, 69.35, 81.59
1579, 71.94, 79.04
1584, 73.41, 74.82
1589, 75.02, 70.53
1594, 74.64, 66.43
1599, 72.33, 63.69
1604, 71.89, 60.09
1609, 73.25, 58.26
1614, 74.62, 57.11
1619, 75.32, 58.87
1624, 72.66, 61.69
1629, 72.19, 65.97
1634, 77.16, 67.50
1639, 78.11, 65.92
1644, 77.83, 61.98
1649, 79.05, 59.60
1654, 80.28, 58.99
1659, 81.32, 57.62
1664, 81.94, 54.89
1669, 82.27, 50.92
1674, 83.54, 46.44
1679, 82.94, 43.45
1684, 81.55, 41.48
1689, 81.66, 39.94
1694, 82.01, 38.70
1699, 83.66, 37.66
1704, 84.74, 36.34
1709, 85.21, 34.35
1714, 85.28, 31.83
1719, 85.46, 29.11
1724, 85.03, 26.87
1729, 84.16, 25.69
1734, 84.31, 25.42
1739, 85.08, 24.81
1744, 87.01, 22.14
1749, 87.26, 18.35
1754, 87.99, 15.02
1759, 87.41, 12.06
1764, 85.36, 11.45
1769, 83.63, 12.73
1774, 83.92, 14.46
1779, 84.73, 15.85
1784, 85.88, 17.13
1789, 86.32, 17.62
1794, 86.24, 18.38
1799, 86.34, 19.47
1804, 86.21, 21.48
1809, 86.59, 23.42
1814, 85.47, 25.74
1819, 86.03, 27.94
1824, 86.33, 30.12
1829, 87.71, 32.46
1834, 88.55, 32.64
1839, 89.88, 30.76
1844, 90.63, 28.31
1849, 90.91, 25.13
1854, 90.29, 21.66
1859, 90.64, 18.84
1864, 90.50, 16.70
1869, 89.70, 15.25
1874, 91.04, 14.24
1879, 90.82, 13.60
1884, 90.63, 13.27
1889, 90.03, 12.89
1894, 90.31, 12.82
1899, 90.38, 12.72
1904, 90.35, 12.31
1909, 91.29, 11.40
1914, 91.43, 9.57
1919, 91.36, 7.92
1924, 91.01, 6.63
1929, 90.87, 6.14
1934, 91.29, 5.54
1939, 91.47, 5.47
1944, 91.32, 4.96
1949, 91.43, 4.44
1954, 91.54, 3.97
1959, 90.97, 3.95
1964, 90.81, 4.44
1969, 91.16, 5.11
1974, 90.96, 5.19
1979, 91.47, 4.70
1984, 91.34, 5.51
1989, 91.54, 5.88
1994, 91.42, 6.92
1999, 91.18, 7.62
2004, 90.79, 8.08
2009, 91.48, 8.17
2014, 91.13, 7.91
2019, 91.48, 7.22
2024, 92.00, 6.78
2029, 92.04, 6.11
2034, 92.11, 5.36
2039, 91.96, 5.04
2044, 91.37, 4.87
2049, 91.46, 5.65
2054, 91.97, 5.40
2059, 92.01, 4.90
2064, 91.61, 4.75
2069, 91.93, 4.84
2074, 92.61, 4.87
2079, 92.14, 4.35
2084, 91.36, 4.98
2089, 91.62, 5.28
2094, 92.26, 5.33
2099, 92.62, 5.11
2104, 92.90, 4.61
2109, 92.57, 4.38
2114, 92.56, 4.14
2119, 92.54, 4.44
2124, 91.90, 4.41
2129, 91.57, 4.76
2134, 92.01, 4.92
2139, 92.53, 4.79
2144, 92.88, 4.23
2149, 92.47, 3.62
2154, 92.41, 3.30
2159, 91.69, 3.66
2164, 91.95, 3.92
2169, 92.41, 3.57
2174, 92.22, 3.45
2179, 91.53, 3.68
2184, 92.17, 4.09
2189, 92.99, 3.95
2194, 92.84, 3.80
2199, 92.50, 3.57
2204, 92.10, 3.73
2209, 92.81, 3.48
2214, 92.70, 3.34
2219, 92.07, 3.44
2224, 91.43, 3.60
2229, 92.03, 3.68
2234, 92.71, 3.68
2239, 92.93, 3.59
2244, 92.35, 3.65
2249, 92.30, 4.03
2254, 92.55, 4.26
2259, 92.17, 4.11
2264, 92.84, 3.57
2269, 92.24, 3.69
2274, 92.28, 3.76
2279, 92.61, 3.89
2284, 92.81, 3.95
2289, 92.12, 4.41
2294, 92.71, 4.58
2299, 93.03, 4.02
2304, 93.36, 3.71
2309, 92.71, 3.54
2314, 92.75, 3.31
2319, 92.66, 3.48
2324, 92.62, 3.51
2329, 92.65, 3.71
2334, 92.81, 3.79
2339, 92.67, 4.02
2344, 92.75, 3.69
2349, 92.95, 3.60
2354, 92.78, 3.65
2359, 92.65, 3.45
2364, 92.55, 3.22
2369, 93.20, 3.15
2374, 92.62, 3.37
2379, 92.35, 3.04
2384, 92.92, 3.40
2389, 92.80, 3.34
2394, 92.84, 2.85
2399, 93.13, 2.93
2404, 92.53, 2.56
2409, 92.85, 2.53
2414, 93.01, 2.44
2419, 92.93, 2.44
2424, 92.72, 2.44
2429, 93.21, 2.24
2434, 92.90, 2.38
2439, 92.62, 2.14
2444, 93.18, 2.14
2449, 93.07, 1.76
2454, 92.93, 1.74
2459, 93.05, 2.15
2464, 93.25, 1.68
2469, 92.63, 1.89
2474, 92.82, 2.03
2479, 92.89, 1.74
2484, 92.90, 1.69
2489, 92.97, 1.92
2494, 93.36, 2.06
2499, 93.55, 1.59
2504, 92.97, 1.68
2509, 92.10, 2.17
2514, 92.03, 2.56
2519, 92.85, 2.63
2524, 92.96, 2.44
2529, 93.35, 1.77
2534, 93.35, 1.34
2539, 93.10, 1.04
2544, 93.19, 0.87
2549, 92.32, 1.83
2554, 92.32, 2.89
2559, 92.98, 3.51
2564, 93.22, 2.60
2569, 92.82, 2.47
2574, 92.45, 2.50
2579, 92.39, 2.43
2584, 92.91, 2.47
2589, 93.09, 2.09
2594, 93.23, 1.95
2599, 93.16, 1.98
2604, 92.78, 1.92
2609, 93.09, 2.18
2614, 92.47, 2.31
2619, 92.67, 2.32
2624, 92.88, 2.06
2629, 92.62, 1.50
2634, 92.99, 1.60
2639, 92.89, 1.76
2644, 92.47, 2.41
2649, 92.56, 2.52
2654, 93.07, 2.55
2659, 92.87, 1.56
2664, 93.04, 1.48
2669, 93.49, 0.81
2674, 93.83, 0.14
2679, 93.11, -0.40
2684, 93.12, -0.24
2689, 91.04, 1.34
2694, 91.56, 2.43
2699, 92.47, 2.31
2704, 93.21, 1.97
2709, 92.64, 1.02
2714, 93.39, 0.50
2719, 93.41, 0.05
2724, 92.88, -0.50
2729, 93.11, -1.16
2734, 93.19, -2.05
2739, 92.04, -2.20
2744, 91.98, -2.00
2749, 91.80, -1.91
2754, 92.08, -1.94
2759, 92.44, -4.09
2764, 92.94, -5.69
2769, 93.47, -7.33
2774, 92.82, -8.78
2779, 93.16, -10.35
2784, 92.97, -10.76
2789, 92.26, -9.77
2794, 91.55, -9.62
2799, 90.16, -11.01
2804, 90.10, -12.06
2809, 90.99, -11.56
2814, 90.56, -11.22
2819, 91.43, -11.95
2824, 91.93, -14.69
2829, 92.79, -19.42
2834, 93.25, -25.24
2839, 92.48, -30.73
2844, 91.88, -34.24
2849, 90.82, -36.41
2854, 90.16, -37.80
2859, 88.23, -39.30
2864, 86.62, -39.82
2869, 85.74, -38.17
2874, 86.41, -36.50
2879, 86.55, -36.52
2884, 86.62, -38.55
2889, 86.85, -42.37
2894, 87.09, -46.93
2899, 87.58, -51.27
2904, 89.04, -53.22
2909, 85.92, -55.31
2914, 83.87, -56.90
2919, 82.70, -57.97
2924, 81.50, -58.67
2929, 81.55, -58.75
2934, 81.21, -59.36
2939, 82.90, -62.15
2944, 82.81, -65.80
2949, 81.47, -69.54
2954, 81.11, -72.21
2959, 79.19, -73.30
2964, 75.08, -73.62
2969, 75.00, -72.73
2974, 70.40, -69.74
2979, 71.85, -65.79
2984, 71.56, -63.66
2989, 71.60, -63.02
2994, 72.24, -63.86
2999, 73.78, -66.56
3004, 75.42, -68.90
3009, 74.89, -71.28
3014, 72.99, -73.54
3019, 70.68, -75.47
3024, 68.55, -77.24
3029, 67.60, -79.34
3034, 67.88, -80.12
3039, 66.41, -78.84
3044, 66.04, -77.44
3049, 65.06, -76.02
3054, 64.65, -75.80
3059, 64.89, -76.70
3064, 65.19, -79.04
3069, 63.75, -82.12
3074, 64.01, -89.04
3079, 62.10, -92.55
3084, 58.73, -98.63
3089, 53.33, -101.60
3094, 53.56, -104.31
3099, 55.49, -101.66
3104, 54.72, -100.50
3109, 52.85, -100.85
3114, 52.18, -102.35
3119, 52.17, -104.72
3124, 51.23, -105.76
3129, 47.88, -107.15
3134, 47.53, -107.79
3139, 45.80, -106.37
3144, 42.28, -103.04
3149, 42.24, -99.59
3154, 42.27, -92.99
3159, 38.92, -87.95
3164, 36.53, -83.74
3169, 36.66, -81.54
3174, 36.78, -79.44
3179, 36.43, -78.15
3184, 36.59, -77.28
3189, 35.97, -75.95
3194, 35.16, -76.49
3199, 34.10, -76.23
3204, 33.52, -75.66
3209, 33.04, -74.00
3214, 30.26, -69.48
3219, 27.56, -65.19
3224, 27.59, -63.37
3229, 27.74, -64.00
3234, 29.28, -64.47
3239, 29.73, -66.38
3244, 28.68, -68.99
3249, 27.12, -71.19
3254, 24.17, -70.49
3259, 25.85, -66.92
3264, 23.69, -61.28
3269, 21.61, -59.15
3274, 20.54, -55.97
3279, 19.93, -53.15
3284, 19.85, -48.53
3289, 18.63, -43.89
3294, 18.83, -40.96
3299, 19.69, -38.09
3304, 19.69, -37.94
3309, 20.74, -38.31
3314, 20.92, -37.68
3319, 19.02, -36.70
3324, 18.05, -36.38
3329, 18.71, -35.33
3334, 18.79, -35.54
3339, 21.97, -40.29
3344, 19.41, -41.25
3349, 20.26, -42.95
3354, 16.79, -45.50
3359, 15.81, -45.16
3364, 13.83, -43.82
3369, 11.84, -41.15
3374, 10.56, -37.01
3379, 10.63, -33.48
3384, 11.06, -30.00
3389, 11.27, -27.56
3394, 11.16, -25.47
3399, 11.83, -23.97
3404, 13.25, -24.84
3409, 14.56, -25.88
3414, 14.57, -29.13
3419, 14.95, -32.53
3424, 13.47, -35.02
3429, 12.13, -36.99
3434, 10.44, -38.32
3439, 10.15, -38.49
3444, 10.24, -39.53
3449, 10.24, -40.37
3454, 10.27, -41.18
3459, 9.04, -42.70
3464, 8.52, -43.47
3469, 6.66, -43.13
3474, 5.78, -43.01
3479, 3.77, -41.37
3484, 5.11, -41.88
3489, 5.30, -41.01
3494, 5.76, -40.90
3499, 3.84, -39.39
3504, 4.62, -40.79
3509, 3.22, -40.08
3514, 3.74, -41.42
3519, 3.83, -41.30
3524, 1.69, -40.98
3529, 5.00, -44.38
3534, 0.38, -44.38
3539, 0.80, -44.90
3544, 0.43, -43.98
3549, -2.06, -43.69
3554, -1.45, -42.50
3559, -2.44, -42.84
3564, -0.52, -44.31
3569, -4.56, -42.40
3574, 2.05, -47.88
3579, 1.97, -51.86
3584, -1.80, -54.26
3589, -4.91, -55.80
3594, -7.75, -52.89
3599, -7.92, -51.48
3604, -8.13, -48.53
3609, -7.90, -46.43
3614, -8.11, -44.76
3619, -8.61, -43.77
3624, -8.34, -43.88
3629, -8.32, -43.77
3634, -7.82, -44.26
3639, -8.37, -44.60
3644, -8.04, -46.26
3649, -9.19, -47.73
3654, -10.06, -48.96
3659, -11.29, -48.11
3664, -11.62, -47.85
3669, -12.37, -48.17
3674, -12.86, -48.32
3679, -12.63, -48.92
3684, -12.02, -51.69
3689, -13.06, -55.65
3694, -13.50, -58.69
3699, -15.69, -58.82
3704, -18.03, -54.95
3709, -19.83, -50.40
3714, -22.76, -51.57
3719, -21.70, -47.89
3724, -21.87, -43.21
3729, -11.72, -51.92
3734, -12.73, -59.39
3739, -15.94, -65.86
3744, -19.16, -67.04
3749, -20.11, -71.48
3754, -31.90, -63.48
3759, -25.41, -63.69
3764, -26.19, -61.54
3769, -23.10, -63.04
3774, -27.58, -61.22
3779, -28.42, -60.99
3784, -26.16, -61.51
3789, -25.96, -62.63
3794, -25.66, -63.34
3799, -27.46, -63.44
3804, -30.46, -62.11
3809, -31.57, -60.75
3814, -31.91, -58.84
3819, -33.04, -60.02
3824, -32.98, -62.38
3829, -29.97, -64.35
3834, -28.82, -74.75
3839, -34.40, -72.26
3844, -34.48, -72.96
3849, -38.11, -73.51
3854, -36.22, -75.37
3859, -38.94, -74.99
3864, -40.91, -74.73
3869, -39.94, -71.69
3874, -40.70, -70.72
3879, -40.08, -72.12
3884, -39.99, -74.92
3889, -41.51, -76.82
3894, -42.43, -75.19
3899, -44.59, -74.87
3904, -45.36, -74.87
3909, -45.76, -76.02
3914, -46.34, -75.98
3919, -48.13, -75.28
3924, -49.77, -73.48
3929, -51.52, -71.02
3934, -51.12, -70.35
3939, -51.11, -71.65
3944, -49.93, -73.91
3949, -50.02, -74.17
3954, -52.35, -74.03
3959, -54.21, -74.66
3964, -55.58, -74.72
3969, -56.38, -76.12
3974, -55.44, -76.79
3979, -57.60, -75.83
3984, -60.36, -74.23
3989, -61.20, -71.73
3994, -61.03, -68.18
3999, -62.15, -63.27
4004, -61.73, -60.38
4009, -61.21, -59.54
4014, -60.99, -59.33
4019, -61.86, -59.42
4024, -61.14, -59.60
4029, -64.69, -60.37
4034, -67.45, -60.66
4039, -68.00, -58.90
4044, -67.58, -57.80
4049, -66.43, -58.08
4054, -65.99, -58.49
4059, -66.89, -58.52
4064, -67.20, -59.62
4069, -68.50, -61.19
4074, -69.65, -61.50
4079, -72.11, -59.94
4084, -72.82, -58.12
4089, -72.62, -54.96
4094, -72.51, -51.86
4099, -73.22, -49.56
4104, -73.15, -48.03
4109, -73.71, -46.93
4114, -73.98, -45.88
4119, -75.04, -45.11
4124, -76.57, -44.72
4129, -76.51, -45.24
4134, -78.26, -45.18
4139, -79.30, -44.90
4144, -78.75, -45.16
4149, -76.58, -44.08
4154, -76.16, -44.61
4159, -78.11, -45.73
4164, -79.06, -46.44
4169, -80.44, -45.60
4174, -81.45, -43.83
4179, -82.45, -42.26
4184, -82.05, -39.89
4189, -81.99, -38.38
4194, -82.07, -36.31
4199, -82.02, -35.56
4204, -82.84, -33.91
4209, -84.15, -32.38
4214, -84.25, -31.44
4219, -83.50, -31.27
4224, -84.19, -31.15
4229, -84.67, -31.22
4234, -86.56, -29.97
4239, -86.12, -28.75
4244, -85.95, -27.04
4249, -86.14, -25.48
4254, -86.80, -24.76
4259, -86.88, -23.94
4264, -86.46, -23.77
4269, -87.52, -22.50
4274, -88.60, -21.36
4279, -87.61, -20.50
4284, -87.95, -19.13
4289, -88.13, -18.09
4294, -88.34, -16.98
4299, -89.09, -15.59
4304, -89.27, -14.11
4309, -89.16, -12.95
4314, -89.25, -12.49
4319, -88.87, -12.20
4324, -89.11, -12.20
4329, -89.27, -11.76
4334, -89.99, -11.91
4339, -88.83, -12.67
4344, -89.13, -13.21
4349, -89.05, -13.36
4354, -90.62, -12.89
4359, -90.93, -12.17
4364, -90.72, -10.96
4369, -91.11, -11.01
4374, -91.10, -11.73
4379, -91.66, -12.37
4384, -91.04, -13.16
4389, -90.30, -12.93
4394, -90.89, -12.24
4399, -91.78, -10.55
4404, -91.90, -8.44
4409, -92.35, -7.05
4414, -92.15, -5.39
4419, -92.41, -3.73
4424, -92.38, -2.49
4429, -91.95, -1.40
4434, -91.97, -0.47
4439, -92.11, 0.02
4444, -91.66, 0.24
4449, -92.00, 0.58
4454, -92.48, 0.63
4459, -92.62, 1.13
4464, -92.69, 1.19
4469, -92.08, 1.48
4474, -92.00, 1.74
4479, -91.92, 1.59
4484, -91.63, 0.93
4489, -92.02, -0.24
4494, -91.74, -1.34
4499, -92.13, -2.05
4504, -92.22, -2.69
4509, -91.93, -3.22
4514, -92.52, -3.30
4519, -92.60, -3.39
4524, -92.53, -3.10
4529, -92.56, -2.99
4534, -92.80, -3.65
4539, -92.13, -3.45
4544, -93.40, -1.33
4549, -93.74, 1.74
4554, -93.20, 2.41
4559, -92.20, 2.24
4564, -92.32, 1.97
4569, -92.93, 1.91
4574, -92.33, 2.50
4579, -92.57, 2.61
4584, -92.72, 2.43
4589, -92.75, 2.23
4594, -93.04, 2.08
4599, -92.62, 2.46
4604, -92.73, 2.47
4609, -92.70, 2.52
4614, -92.45, 1.71
4619, -92.24, 1.33
4624, -92.13, 1.21
4629, -93.03, 1.63
4634, -91.92, 1.21
4639, -92.82, 1.27
4644, -93.17, 1.60
4649, -92.68, 1.80
4654, -93.07, 1.79
4659, -92.92, 1.59
4664, -92.81, 1.34
4669, -92.41, -0.58
4674, -92.96, 1.18
4679, -92.35, 0.90
4684, -93.10, 0.53
4689, -92.29, 0.31
4694, -92.42, -0.38
4699, -92.69, -0.73
4704, -92.70, -0.56
4709, -92.74, -0.61
4714, -92.88, -0.41
4719, -93.98, 0.78
4724, -93.31, 0.84
4729, -93.02, -0.98
4734, -92.98, 2.46
4739, -94.98, 1.94
4744, -92.65, 3.04
4749, -92.71, 3.63
4754, -93.03, 3.51
4759, -93.02, 3.79
4764, -92.82, 3.69
4769, -93.39, 3.34
4774, -93.13, 3.10
4779, -93.03, 3.39
4784, -93.66, 4.34
4789, -92.90, 1.82
4794, -93.08, 1.74
4799, -93.29, 2.41
4804, -93.23, 2.90
4809, -92.52, 3.10
4814, -93.29, 3.39
4819, -92.88, 3.76
4824, -92.89, 4.00
4829, -92.81, 3.63
4834, -92.98, 4.23
4839, -94.08, 4.47
4844, -92.87, 4.58
4849, -92.45, 4.82
4854, -93.32, 4.37
4859, -92.88, 5.15
4864, -92.74, 5.82
4869, -93.80, 5.79
4874, -92.48, 4.50
4879, -92.11, 7.05
4884, -93.67, 10.53
4889, -93.02, 13.92
4894, -93.15, 15.97
4899, -92.41, 17.74
4904, -92.35, 17.13
4909, -92.37, 16.17
4914, -92.47, 16.00
4919, -92.40, 16.12
4924, -92.05, 17.56
4929, -92.43, 20.03
4934, -92.20, 22.84
4939, -90.30, 26.99
4944, -90.17, 28.26
4949, -89.84, 30.21
4954, -90.25, 31.34
4959, -89.94, 32.24
4964, -89.43, 32.46
4969, -88.78, 32.73
4974, -88.19, 33.28
4979, -88.11, 34.44
4984, -88.56, 35.86
4989, -88.15, 35.54
4994, -88.54, 36.08
4999, -89.28, 37.15
5004, -88.24, 38.09
5009, -88.13, 39.04
5014, -88.02, 41.37
5019, -86.39, 43.36
5024, -86.67, 46.53
5029, -87.50, 49.19
5034, -83.98, 50.41
5039, -85.19, 51.22
5044, -84.14, 51.63
5049, -81.35, 50.34
5054, -78.04, 49.11
5059, -77.22, 45.39
5064, -75.83, 42.92
5069, -76.58, 40.27
5074, -78.47, 39.04
5079, -78.81, 36.18
5084, -77.75, 35.74
5089, -79.20, 38.11
5094, -82.57, 40.40
5099, -82.50, 43.04
5104, -81.91, 45.10
5109, -79.14, 46.34
5114, -78.23, 45.05
5119, -76.78, 42.03
5124, -75.16, 38.00
5129, -73.41, 34.70
5134, -72.48, 31.07
5139, -72.83, 26.63
5144, -73.12, 22.32
5149, -73.21, 19.65
5154, -73.42, 19.54
5159, -74.15, 19.74
5164, -73.54, 20.44
5169, -75.58, 21.53
5174, -75.95, 21.98
5179, -75.67, 22.92
5184, -74.48, 23.77
5189, -73.68, 24.70
5194, -72.23, 24.32
5199, -71.69, 23.69
5204, -72.14, 22.99
5209, -72.28, 21.69
5214, -72.36, 19.97
5219, -72.11, 18.75
5224, -72.66, 19.08
5229, -72.75, 20.37
5234, -72.12, 22.58
5239, -72.94, 24.92
5244, -71.47, 27.53
5249, -71.86, 30.81
5254, -72.18, 33.71
5259, -71.96, 35.94
5264, -70.85, 37.95
5269, -70.37, 39.48
5274, -70.02, 40.52
5279, -69.78, 40.40
5284, -68.72, 40.20
5289, -67.39, 39.66
5294, -65.72, 40.31
5299, -64.77, 41.51
5304, -63.98, 43.33
5309, -66.79, 41.44
5314, -64.55, 42.29
5319, -64.01, 41.27
5324, -65.77, 40.90
5329, -65.29, 41.37
5334, -64.91, 40.93
5339, -64.30, 39.94
5344, -64.25, 39.76
5349, -64.32, 38.72
5354, -64.20, 37.56
5359, -63.59, 36.98
5364, -63.30, 37.40
5369, -63.14, 38.14
5374, -60.56, 40.53
5379, -59.07, 42.85
5384, -58.91, 45.01
5389, -58.77, 45.74
5394, -59.53, 44.35
5399, -60.52, 43.48
5404, -59.81, 42.79
5409, -58.50, 43.19
5414, -57.46, 44.53
5419, -58.24, 46.70
5424, -58.90, 49.82
5429, -58.98, 52.49
5434, -57.97, 54.06
5439, -56.15, 56.05
5444, -54.67, 57.56
5449, -54.32, 58.76
5454, -53.65, 58.58
5459, -52.88, 58.64
5464, -51.76, 57.56
5469, -51.16, 56.60
5474, -51.53, 56.05
5479, -51.20, 55.36
5484, -50.42, 55.34
5489, -49.87, 56.81
5494, -49.51, 58.73
5499, -49.45, 59.30
5504, -49.85, 59.18
5509, -48.49, 60.12
5514, -46.81, 61.53
5519, -45.57, 63.24
5524, -45.24, 64.73
5529, -44.93, 65.34
5534, -44.56, 64.34
5539, -43.24, 64.15
5544, -42.41, 63.54
5549, -42.21, 62.78
5554, -41.44, 62.63
5559, -41.03, 64.00
5564, -40.68, 64.60
5569, -39.72, 65.39
5574, -38.26, 66.55
5579, -38.10, 66.50
5584, -36.87, 65.65
5589, -35.91, 64.72
5594, -35.62, 63.89
5599, -35.14, 63.18
5604, -35.51, 64.49
5609, -35.61, 65.34
5614, -34.67, 66.11
5619, -34.41, 66.87
5624, -32.52, 66.67
5629, -30.48, 66.96
5634, -29.94, 65.74
5639, -29.12, 65.25
5644, -29.03, 65.13
5649, -29.23, 64.99
5654, -28.26, 65.37
5659, -27.47, 65.30
5664, -27.05, 65.31
5669, -25.95, 65.27
5674, -25.96, 65.60
5679, -26.09, 66.20
5684, -25.61, 67.66
5689, -24.87, 68.69
5694, -24.87, 69.85
5699, -23.46, 70.85
5704, -23.14, 72.72
5709, -21.36, 73.11
5714, -20.20, 74.99
5719, -20.06, 75.71
5724, -19.02, 75.65
5729, -17.44, 75.48
5734, -17.24, 75.22
5739, -15.91, 75.19
5744, -16.13, 76.00
5749, -17.00, 76.95
5754, -14.70, 78.09
5759, -14.67, 78.46
5764, -12.53, 80.00
5769, -12.97, 79.89
5774, -10.86, 80.50
5779, -10.42, 81.21
5784, -10.85, 83.80
5789, -8.39, 84.15
5794, -8.40, 85.51
5799, -7.17, 87.33
5804, -6.49, 90.78
5809, -4.35, 90.85
5814, -4.02, 89.56
5819, -3.42, 87.68
5824, -2.91, 86.53
5829, -0.61, 84.89
5834, -1.69, 85.25
5839, 0.57, 86.82
5844, -0.31, 89.68
5849, 2.06, 91.22
5854, 0.77, 94.15
5859, 3.80, 94.89
5864, 6.34, 91.53
5869, 9.20, 84.93
5874, 9.15, 79.97
5879, 11.83, 81.07
5884, 10.68, 86.96
5889, 9.94, 90.69
5894, 11.94, 97.53
5899, 11.48, 95.95
5904, 4.24, 94.50
5909, 12.68, 88.47
5914, 9.37, 89.45
5919, 12.14, 84.27
5924, 14.00, 87.76
5929, 16.77, 93.42
5934, 17.78, 93.48
5939, 18.11, 91.39
5944, 23.33, 91.39
5949, 21.75, 91.37
5954, 24.32, 88.52
5959, 23.72, 86.72
5964, 24.73, 85.59
5969, 24.24, 85.95
5974, 25.13, 87.74
5979, 24.83, 88.73
5984, 24.98, 89.88
5989, 25.72, 92.61
5994, 28.08, 93.85
5999, 29.13, 95.42
6004, 30.51, 94.93
6009, 32.59, 94.98
6014, 35.04, 94.21
6019, 35.90, 93.48
6024, 35.56, 92.87
6029, 36.71, 91.80
6034, 38.13, 89.53
6039, 39.53, 87.85
6044, 40.79, 85.18
6049, 40.85, 84.02
6054, 41.00, 82.85
6059, 41.60, 83.74
6064, 41.65, 83.22
6069, 41.60, 85.22
6074, 42.48, 86.55
6079, 44.11, 86.99
6084, 44.70, 88.29
6089, 44.13, 87.45
6094, 45.81, 88.38
6099, 45.46, 89.85
6104, 46.77, 90.87
6109, 48.76, 94.72
6114, 50.75, 98.93
6119, 52.76, 101.56
6124, 54.85, 100.72
6129, 56.25, 97.08
6134, 57.65, 93.57
6139, 59.25, 91.19
6144, 60.04, 87.10
6149, 60.86, 84.84
6154, 60.87, 79.69
6159, 59.58, 76.60
6164, 59.82, 74.64
6169, 60.85, 74.32
6174, 61.56, 75.10
6179, 62.23, 76.08
6184, 59.22, 81.79
6189, 59.00, 76.14
6194, 65.29, 70.05
6199, 67.56, 68.08
6204, 68.84, 64.55
6209, 68.39, 61.10
6214, 68.14, 58.73
6219, 68.10, 57.27
6224, 67.32, 59.77
6229, 66.62, 62.35
6234, 67.23, 64.11
6239, 68.42, 65.76
6244, 70.50, 66.72
6249, 72.06, 64.64
6254, 74.49, 61.83
6259, 75.67, 58.67
6264, 74.98, 55.04
6269, 74.74, 51.76
6274, 74.65, 52.06
6279, 72.83, 55.13
6284, 71.99, 59.28
6289, 73.89, 61.30
6294, 75.83, 61.04
6299, 77.32, 60.95
6304, 78.33, 60.84
6309, 76.47, 63.31
6314, 76.29, 69.18
6319, 78.09, 73.89
6324, 79.26, 73.92
6329, 81.74, 70.92
6334, 83.80, 68.29
6339, 85.78, 66.46
6344, 86.88, 64.34
6349, 85.15, 62.47
6354, 83.60, 60.27
6359, 83.93, 57.94
6364, 86.02, 55.50
6369, 87.98, 52.18
6374, 88.81, 48.08
6379, 88.55, 42.93
6384, 89.76, 36.49
6389, 90.03, 29.92
6394, 90.79, 24.06
6399, 89.80, 19.21
6404, 88.21, 15.68
6409, 87.48, 13.97
6414, 87.25, 13.69
6419, 87.92, 15.27
6424, 87.59, 17.36
6429, 88.18, 19.37
6434, 88.20, 20.90
6439, 88.92, 21.07
6444, 89.31, 20.20
6449, 89.55, 18.72
6454, 89.20, 17.37
6459, 89.36, 16.14
6464, 90.65, 14.92
6469, 90.67, 13.62
6474, 91.82, 11.36
6479, 90.97, 8.66
6484, 91.02, 6.31
6489, 90.28, 4.15
6494, 89.96, 3.48
6499, 89.64, 3.74
6504, 89.53, 4.92
6509, 89.67, 6.05
6514, 89.50, 7.01
6519, 90.19, 8.21
6524, 89.35, 8.99
6529, 90.07, 10.08
6534, 89.53, 11.50
6539, 89.57, 13.11
6544, 90.03, 14.64
6549, 90.11, 15.53
6554, 90.55, 16.53
6559, 91.35, 16.02
6564, 91.97, 14.61
6569, 91.85, 12.90
6574, 91.51, 11.76
6579, 91.37, 11.30
6584, 91.47, 11.53
6589, 91.10, 12.24
6594, 91.10, 12.93
6599, 91.89, 13.48
6604, 92.16, 13.74
6609, 92.32, 12.75
6614, 92.70, 12.00
6619, 92.58, 10.78
6624, 92.81, 9.24
6629, 92.76, 7.88
6634, 92.47, 7.85
6639, 92.98, 8.75
6644, 93.35, 7.34
6649, 92.85, 5.59
6654, 93.27, 4.55
6659, 93.07, 4.82
6664, 92.91, 5.89
6669, 92.03, 6.72
6674, 91.96, 7.63
6679, 92.89, 8.61
6684, 94.21, 3.37
6689, 94.68, 2.14
6694, 92.45, 2.78
6699, 92.95, 2.66
6704, 92.99, 3.05
6709, 93.20, 2.90
6714, 92.70, 2.81
6719, 92.97, 2.90
6724, 93.10, 2.72
6729, 93.03, 3.04
6734, 92.75, 2.81
6739, 92.51, 2.75
6744, 92.69, 2.58
6749, 92.75, 2.05
6754, 93.07, 1.44
6759, 92.99, 0.93
6764, 92.97, 1.13
6769, 92.65, 1.91
6774, 92.88, 2.35
6779, 92.96, 2.46
6784, 93.05, 2.72
6789, 92.85, 2.93
6794, 93.25, 2.34
6799, 93.61, 1.82
6804, 93.14, 1.13
6809, 92.44, 0.44
6814, 94.01, -3.60
6819, 94.55, -8.03
6824, 94.79, -13.07
6829, 94.67, -16.78
6834, 93.85, -19.92
6839, 93.10, -21.88
6844, 91.34, -21.85
6849, 91.48, -22.70
6854, 91.90, -24.17
6859, 91.83, -25.74
6864, 91.41, -26.02
6869, 90.73, -24.81
6874, 89.75, -23.50
6879, 88.82, -22.03
6884, 88.79, -21.01
6889, 89.33, -20.90
6894, 89.39, -20.93
6899, 90.08, -21.30
6904, 89.81, -22.78
6909, 88.49, -24.81
6914, 88.56, -26.75
6919, 89.38, -28.02
6924, 88.85, -29.68
6929, 88.00, -31.59
6934, 87.82, -32.70
6939, 86.80, -33.40
6944, 86.99, -33.19
6949, 85.38, -32.61
6954, 85.36, -32.43
6959, 85.39, -31.76
6964, 85.02, -31.91
6969, 85.21, -32.98
6974, 85.21, -34.23
6979, 84.94, -36.18
6984, 83.76, -38.44
6989, 83.52, -40.96
6994, 82.96, -42.95
6999, 81.86, -44.76
7004, 81.90, -45.25
7009, 81.55, -46.34
7014, 81.53, -47.19
7019, 80.61, -47.76
7024, 79.97, -48.31
7029, 80.27, -48.95
7034, 80.32, -49.89
7039, 79.54, -51.91
7044, 79.16, -53.57
7049, 78.31, -55.30
7054, 77.16, -56.46
7059, 76.00, -57.39
7064, 74.69, -57.51
7069, 74.52, -58.06
7074, 74.20, -58.20
7079, 72.52, -57.15
7084, 71.54, -55.97
7089, 70.94, -54.31
7094, 71.65, -53.24
7099, 71.59, -52.63
7104, 70.89, -53.36
7109, 71.54, -55.37
7114, 69.95, -57.11
7119, 69.67, -57.97
7124, 69.27, -58.46
7129, 68.99, -58.63
7134, 68.29, -59.30
7139, 67.92, -60.29
7144, 66.76, -61.95
7149, 64.77, -65.47
7154, 63.66, -68.32
7159, 64.32, -69.18
7164, 64.09, -69.59
7169, 62.93, -69.74
7174, 62.70, -71.80
7179, 62.61, -73.66
7184, 60.67, -75.22
7189, 59.35, -74.90
7194, 56.29, -73.34
7199, 55.19, -73.13
7204, 54.82, -73.48
7209, 55.30, -74.17
7214, 55.28, -74.61
7219, 57.05, -74.55
7224, 56.96, -75.48
7229, 55.04, -77.69
7234, 54.23, -80.87
7239, 52.57, -84.35
7244, 51.42, -86.73
7249, 51.02, -88.56
7254, 49.56, -90.46
7259, 48.89, -91.80
7264, 47.81, -93.57
7269, 47.08, -94.72
7274, 45.04, -95.15
7279, 42.31, -96.23
7284, 41.94, -96.14
7289, 41.28, -93.31
7294, 40.80, -93.21
7299, 40.02, -94.24
7304, 38.37, -95.04
7309, 37.53, -94.70
7314, 36.41, -93.18
7319, 34.18, -92.41
7324, 33.07, -90.50
7329, 32.01, -87.97
7334, 30.96, -86.63
7339, 30.21, -85.59
7344, 30.10, -85.69
7349, 28.46, -86.85
7354, 27.67, -89.82
7359, 25.52, -90.64
7364, 24.46, -90.60
7369, 23.87, -83.45
7374, 26.69, -78.90
7379, 23.65, -82.29
7384, 24.53, -86.79
7389, 24.87, -88.06
7394, 22.20, -89.36
7399, 21.72, -92.06
7404, 19.97, -93.01
7409, 19.74, -93.88
7414, 16.37, -93.11
7419, 14.43, -89.34
7424, 13.23, -84.61
7429, 11.42, -80.73
7434, 9.21, -80.06
7439, 6.54, -79.65
7444, 6.12, -79.18
7449, 6.06, -71.47
7454, 6.33, -61.88
7459, 4.59, -60.56
7464, 5.73, -55.25
7469, 5.03, -51.40
7474, 5.59, -50.08
7479, 5.35, -46.96
7484, 5.14, -45.45
7489, 5.99, -45.21
7494, 5.29, -44.37
7499, 7.10, -47.08
7504, 6.58, -50.18
7509, 9.42, -53.79
7514, 7.89, -59.88
7519, 7.44, -64.67
7524, 5.28, -68.43
7529, 4.21, -72.03
7534, 2.91, -75.56
7539, 1.54, -78.09
7544, -0.39, -79.79
7549, -2.97, -82.89
7554, -3.21, -83.56
7559, -6.64, -81.15
7564, -7.79, -78.08
7569, -8.24, -74.18
7574, -8.92, -70.50
7579, -9.27, -68.21
7584, -9.27, -66.98
7589, -8.59, -65.57
7594, -8.45, -66.60
7599, -9.18, -68.90
7604, -9.89, -71.69
7609, -11.59, -70.29
7614, -11.91, -68.27
7619, -12.03, -68.15
7624, -12.97, -72.14
7629, -13.91, -73.86
7634, -12.20, -77.27
7639, -12.60, -79.88
7644, -15.85, -83.63
7649, -16.85, -86.87
7654, -19.86, -89.83
7659, -22.88, -91.34
7664, -23.84, -89.45
7669, -22.80, -87.39
7674, -25.20, -84.53
7679, -23.73, -81.94
7684, -21.15, -81.76
7689, -22.67, -84.46
7694, -24.24, -88.67
7699, -27.26, -88.32
7704, -29.19, -87.69
7709, -29.99, -86.99
7714, -30.69, -88.14
7719, -31.75, -88.69
7724, -33.29, -88.27
7729, -34.38, -86.46
7734, -32.80, -89.18
7739, -35.48, -89.10
7744, -36.27, -87.02
7749, -37.20, -84.69
7754, -38.48, -85.39
7759, -36.58, -88.31
7764, -38.16, -90.05
7769, -39.35, -93.30
7774, -41.74, -94.53
7779, -44.14, -94.37
7784, -45.43, -93.11
7789, -47.67, -90.96
7794, -47.48, -88.32
7799, -48.53, -85.21
7804, -48.71, -83.05
7809, -49.49, -82.46
7814, -50.40, -81.45
7819, -51.38, -79.79
7824, -52.80, -80.02
7829, -52.05, -80.40
7834, -50.63, -81.59
7839, -51.85, -83.40
7844, -52.91, -85.65
7849, -52.73, -92.00
7854, -55.76, -94.92
7859, -59.02, -96.43
7864, -60.84, -93.92
7869, -61.27, -88.81
7874, -63.38, -84.46
7879, -62.81, -81.57
7884, -62.12, -78.41
7889, -63.73, -76.14
7894, -64.73, -74.92
7899, -67.59, -77.76
7904, -68.58, -79.11
7909, -67.52, -79.69
7914, -68.10, -79.24
7919, -68.82, -77.94
7924, -69.31, -75.69
7929, -70.10, -72.69
7934, -71.69, -70.49
7939, -73.07, -69.36
7944, -73.30, -68.63
7949, -73.57, -66.58
7954, -74.25, -63.39
7959, -74.39, -60.60
7964, -74.34, -58.75
7969, -76.15, -57.60
7974, -76.14, -56.52
7979, -78.27, -55.65
7984, -78.72, -54.32
7989, -79.70, -53.92
7994, -78.73, -52.72
7999, -78.53, -51.66
8004, -79.95, -50.32
8009, -81.53, -49.82
8014, -81.93, -50.11
8019, -82.61, -49.94
8024, -82.53, -48.56
8029, -82.53, -46.76
8034, -83.73, -43.95
8039, -84.15, -40.26
8044, -83.36, -36.92
8049, -83.72, -34.44
8054, -83.88, -31.59
8059, -84.45, -29.86
8064, -85.36, -28.44
8069, -85.17, -27.48
8074, -86.34, -25.92
8079, -86.03, -24.89
8084, -85.99, -24.41
8089, -86.21, -23.98
8094, -87.14, -24.50
8099, -87.69, -25.31
8104, -87.43, -25.77
8109, -88.10, -25.48
8114, -88.38, -25.48
8119, -87.46, -24.69
8124, -87.73, -23.44
8129, -89.09, -21.97
8134, -89.53, -20.53
8139, -90.85, -19.01
8144, -89.54, -17.54
8149, -89.63, -16.49
8154, -90.14, -15.45
8159, -90.58, -14.78
8164, -90.07, -14.43
8169, -90.59, -13.19
8174, -90.18, -12.20
8179, -90.55, -10.96
8184, -90.61, -10.09
8189, -90.74, -9.28
8194, -91.03, -9.22
8199, -91.39, -9.02
8204, -91.78, -9.27
8209, -91.08, -9.77
8214, -91.16, -9.95
8219, -91.66, -9.50
8224, -92.14, -7.95
8229, -92.07, -7.50
8234, -92.23, -6.64
8239, -91.73, -6.31
8244, -91.61, -5.77
8249, -92.39, -5.13
8254, -92.83, -4.50
8259, -92.48, -3.66
8264, -94.11, -2.20
8269, -92.84, -1.74
8274, -92.54, -1.69
8279, -92.16, -1.94
8284, -92.56, -2.67
8289, -91.39, -3.31
8294, -92.91, 0.24
8299, -94.10, 2.50
8304, -93.29, 1.95
8309, -92.59, 2.17
8314, -92.62, 1.83
8319, -93.23, 1.66
8324, -92.87, 1.86
8329, -93.27, 2.20
8334, -92.98, 2.20
8339, -92.45, 2.18
8344, -92.67, 1.31
8349, -92.79, 1.37
8354, -92.25, 1.76
8359, -92.59, 1.74
8364, -93.11, 1.59
8369, -92.29, 1.39
8374, -92.75, 1.56
8379, -92.00, 1.56
8384, -92.70, 1.65
8389, -92.92, 1.95
8394, -92.25, 1.27
8399, -92.39, 1.80
8404, -92.50, 2.44
8409, -93.34, 3.07
8414, -93.31, 3.92
8419, -92.88, 4.73
8424, -93.17, 4.40
8429, -92.80, 5.45
8434, -93.06, 4.98
8439, -91.62, 6.55
8444, -93.01, 9.01
8449, -94.11, 13.05
8454, -92.75, 18.26
8459, -91.92, 23.91
8464, -91.91, 30.14
8469, -92.66, 35.40
8474, -93.44, 39.28
8479, -90.67, 43.62
8484, -92.31, 48.73
8489, -91.84, 53.18
8494, -90.60, 56.56
8499, -90.40, 60.03
8504, -88.82, 62.56
8509, -87.54, 63.51
8514, -87.11, 66.08
8519, -87.26, 67.65
8524, -86.64, 67.79
8529, -86.87, 67.85
8534, -86.21, 68.17
8539, -82.92, 69.33
8544, -82.65, 69.40
8549, -82.74, 70.85
8554, -84.97, 72.61
8559, -84.15, 75.91
8564, -82.50, 80.41
8569, -80.48, 83.98
8574, -79.01, 84.50
8579, -78.98, 86.38
8584, -80.68, 86.64
8589, -76.35, 86.47
8594, -73.86, 85.37
8599, -70.08, 83.97
8604, -68.81, 82.43
8609, -69.84, 78.67
8614, -70.28, 74.06
8619, -70.96, 69.79
8624, -70.64, 67.30
8629, -70.87, 67.66
8634, -69.63, 69.63
8639, -68.34, 70.15
8644, -67.35, 70.56
8649, -68.66, 69.94
8654, -68.05, 71.80
8659, -67.96, 75.22
8664, -65.70, 76.64
8669, -63.45, 80.12
8674, -60.03, 80.84
8679, -59.31, 79.60
8684, -58.43, 75.42
8689, -55.58, 71.59
8694, -55.43, 67.88
8699, -58.16, 63.62
8704, -58.78, 60.31
8709, -60.53, 61.74
8714, -61.06, 63.89
8719, -60.66, 67.42
8724, -59.10, 72.09
8729, -57.96, 75.54
8734, -55.25, 76.63
8739, -53.69, 76.37
8744, -50.80, 75.83
8749, -49.52, 74.40
8754, -49.09, 70.70
8759, -49.03, 67.57
8764, -48.76, 65.37
8769, -48.62, 66.26
8774, -50.08, 68.60
8779, -50.67, 70.61
8784, -49.69, 72.64
8789, -48.59, 74.29
8794, -47.77, 74.37
8799, -45.77, 74.41
8804, -43.66, 76.17
8809, -41.09, 77.15
8814, -41.70, 77.89
8819, -41.72, 78.43
8824, -41.37, 77.92
8829, -40.14, 77.76
8834, -38.62, 75.92
8839, -37.60, 74.46
8844, -37.48, 73.24
8849, -37.01, 72.67
8854, -37.47, 72.18
8859, -36.58, 72.18
8864, -35.08, 75.10
8869, -34.22, 79.19
8874, -34.22, 79.76
8879, -33.06, 79.15
8884, -31.33, 76.98
8889, -29.92, 76.35
8894, -28.84, 75.71
8899, -29.00, 75.21
8904, -27.57, 73.47
8909, -27.36, 72.41
8914, -26.16, 71.01
8919, -26.12, 70.38
8924, -24.50, 71.28
8929, -25.39, 71.83
8934, -25.50, 73.11
8939, -23.82, 72.56
8944, -23.24, 71.94
8949, -21.38, 71.60
8954, -20.24, 70.50
8959, -18.67, 68.67
8964, -17.63, 67.94
8969, -17.26, 65.89
8974, -17.57, 64.00
8979, -17.04, 62.08
8984, -16.25, 60.72
8989, -17.06, 59.82
8994, -15.71, 59.05
8999, -15.20, 58.26
9004, -14.52, 58.00
9009, -13.48, 57.48
9014, -13.76, 57.15
9019, -12.41, 56.20
9024, -10.87, 54.55
9029, -9.08, 52.20
9034, -9.57, 49.40
9039, -7.93, 45.91
9044, -7.61, 43.15
9049, -7.74, 40.20
9054, -9.49, 40.09
9059, -9.44, 39.44
9064, -9.45, 39.31
9069, -8.77, 39.04
9074, -6.90, 38.58
9079, -7.38, 37.82
9084, -6.18, 36.85
9089, -6.03, 35.51
9094, -5.47, 34.21
9099, -5.29, 32.64
9104, -3.36, 30.43
9109, -3.43, 27.33
9114, -2.95, 24.46
9119, -7.42, 25.45
9124, -5.60, 26.12
9129, -3.99, 24.08
9134, -3.94, 22.47
9139, -3.07, 21.63
9144, -2.63, 20.18
9149, -3.87, 19.88
9154, -4.58, 19.24
9159, -2.97, 18.11
9164, -1.57, 16.93
9169, -1.34, 14.40
9174, -1.80, 12.29
9179, -2.57, 11.30
9184, -3.67, 11.69
9189, -4.60, 12.87
9194, -4.41, 14.50
9199, -4.41, 15.91
9204, -3.97, 17.10
9209, -3.22, 17.01
9214, -0.88, 16.52
9219, -0.83, 17.68
9224, -0.53, 14.73
9229, -0.37, 12.76
9234, -0.01, 11.82
9239, -1.94, 10.49
9244, -2.23, 10.87
9249, -2.27, 12.24
9254, -2.83, 13.80
9259, -3.97, 15.80
9264, -2.82, 16.29
9269, -0.98, 16.72
9274, -0.27, 16.76
9279, 0.55, 14.84
9284, 0.72, 13.56
9289, 0.73, 12.08
9294, 1.39, 9.97
9299, 1.44, 8.34
9304, 1.90, 5.86
9309, 2.41, 3.28
9314, 1.41, 1.07
9319, 1.24, -0.75
9324, -0.64, -1.31
9329, -1.32, -0.78
9334, -1.65, -0.05
9339, -0.45, -0.56
9344, 0.04, -1.11
9349, 0.17, -1.36
9354, -1.08, -3.44
9359, 8.91, -6.53
9364, -3.01, -6.66
9369, 1.96, -8.15
9374, -3.04, -7.82
9379, -2.38, -5.82
9384, -2.15, -5.08
9389, -1.63, -4.21
9394, -2.40, -3.33
9399, -1.99, -2.34
9404, -1.48, -2.40
9409, -0.68, -2.87
9414, -0.68, -3.22
9419, -1.97, -2.66
9424, -3.55, -0.96
9429, -4.28, 1.33
9434, -4.22, 4.85
9439, -4.75, 8.24
9444, -3.28, 10.18
9449, -1.36, 10.79
9454, -0.14, 10.18
9459, 0.91, 8.27
9464, 2.11, 4.81
9469, 2.11, 1.48
9474, 2.72, -2.43
9479, 1.95, -6.31
9484, 0.63, -9.13
9489, -0.30, -11.60
9494, -0.31, -13.19
9499, -1.59, -13.21
9504, -2.77, -12.63
9509, -3.65, -11.85
9514, -3.34, -10.35
9519, -4.24, -8.60
9524, -4.31, -6.69
9529, -4.57, -3.68
9534, -5.64, -0.84
9539, -5.82, 2.72
9544, -4.55, 5.51
9549, -3.31, 6.79
9554, -2.37, 7.34
9559, -2.30, 7.77
9564, -2.95, 7.86
9569, -4.17, 9.42
9574, -6.13, 13.30
9579, -6.94, 18.21
9584, -6.39, 22.92
9589, -3.27, 25.36
9594, 0.75, 24.20
9599, 2.50, 20.95
9604, 4.24, 15.98
9609, 4.26, 10.73
9614, 3.02, 6.05
9619, 1.62, 2.41
9624, -0.13, 0.99
9629, -0.40, -0.31
9634, 2.13, -4.09
9639, 3.29, -7.47
9644, 2.56, -11.19
9649, 0.23, -14.27
9654, -2.78, -13.60
9659, -4.52, -11.40
9664, -4.58, -8.38
9669, -4.66, -5.07
9674, -4.84, -2.05
9679, -5.19, 2.26
9684, -5.48, 5.73
9689, -3.33, 7.83
9694, -1.65, 8.31
9699, 0.17, 6.87
9704, 0.76, 4.63
9709, 0.83, 1.71
9714, -0.47, 0.41
9719, -2.70, 1.04
9724, -4.33, 3.44
9729, -4.83, 6.56
9734, -3.10, 8.60
9739, -0.84, 10.99
9744, -0.31, 5.07
9749, 4.06, 5.02
9754, 0.46, 1.44
9759, -0.64, -2.44
9764, -1.04, -2.70
9769, -2.99, -3.62
9774, -2.27, -3.48
9779, -1.00, -2.31
9784, -1.77, -2.15
9789, -2.20, -2.00
9794, -2.81, -0.03
9799, -2.51, 0.92
9804, -2.59, 1.60
9809, -1.81, 2.24
9814, -0.71, 3.54
9819, -2.65, 1.54
9824, -3.76, -3.27
9829, -3.83, -6.47
9834, -2.83, 1.94
9839, -4.05, 2.49
9844, -1.92, 1.24
9849, -0.30, 2.35
9854, -2.55, 2.53
9859, -4.11, 2.23
9864, -4.61, 4.35
9869, -3.65, 8.27
9874, -2.59, 7.65
9879, -14.10, 3.34
9884, -3.00, 9.11
9889, 26.28, -7.31
9894, -6.60, 4.50
9899, -7.36, -0.61
9904, -2.42, 1.60
9909, -5.39, 0.66
